"Sequence","Concentration","StrandType","Function","Name"
"GCTAATGTATTTCTAAGGCAGTGAGAGG",1e-07,"DNA","PRIMER","AMPL811140534_Fwd"
"TGAACATTTCCTGAATATCTACCAACCAA",1e-07,"DNA","PRIMER","AMPL811141827_Fwd"
"GGGATTAGGTGCAGAGTTTTATTACC",1e-07,"DNA","PRIMER","AMPL811148683_Fwd"
"GTTCAATGCTTGTAACTATTTTAATGGGCTT",1e-07,"DNA","PRIMER","AMPL811148743_Fwd"
"AACTTCATAGGTTACGATTTATATTAAGCCCAA",1e-07,"DNA","PRIMER","AMPL1497161003_Fwd"
"CTTGAATGAAGCAGGTCCCAAATTTTA",1e-07,"DNA","PRIMER","AMPL811143696_Fwd"
"TGACCCCAAAAGATTTACCATTATGCT",1e-07,"DNA","PRIMER","AMPL811145968_Fwd"
"GCTTTTCGGACTTTTTCTGATGAAAGAA",1e-07,"DNA","PRIMER","AMPL659794021_Fwd"
"GGGAAAGACAGTCTTCGATTACTGAG",1e-07,"DNA","PRIMER","AMPL556424352_Fwd"
"GGTGGAGAACATGGGAGAGAAA",1e-07,"DNA","PRIMER","AMPL663072267_Fwd"
"CAGAGCTAGTGGCTCACCTT",1e-07,"DNA","PRIMER","AMPL663100272_Fwd"
"CCCTTCTCCCCAGAGATATGTGT",1e-07,"DNA","PRIMER","AMPL1425598476_Fwd"
"TGGTTTTCTGTACCCACCACTTTTAA",1e-07,"DNA","PRIMER","AMPL658783041_Fwd"
"GGAGTAGGAAAGTTTCAAAGACCTGA",1e-07,"DNA","PRIMER","AMPL659377496_Fwd"
"CCCTGGGCTCAACTCATTTGA",1e-07,"DNA","PRIMER","AMPL556370172_Fwd"
"CTCATTGTGCCTGGCAACTG",1e-07,"DNA","PRIMER","AMPL556350401_Fwd"
"TGCTTTCATACTTGCCTCCACAT",1e-07,"DNA","PRIMER","AMPL812248025_Fwd"
"TGGAAGCCACAGTACTTTTCAAGAA",1e-07,"DNA","PRIMER","AMPL658674329_Fwd"
"TCAACTGGATGAGGGCAAGG",1e-07,"DNA","PRIMER","AMPL658804790_Fwd"
"AGTGAACAAGTACATTGCTCCAAGT",1e-07,"DNA","PRIMER","AMPL661534109_Fwd"
"GCATCCAGTTCCGCTCCATAG",1e-07,"DNA","PRIMER","AMPL661570029_Fwd"
"TGCTGTTATTTTATGAAGACAGTGTGGA",1e-07,"DNA","PRIMER","AMPL659599485_Fwd"
"GCACCAATGTCATGCCTCAAG",1e-07,"DNA","PRIMER","AMPL659619504_Fwd"
"GAAAAGAACATGGAAGTTTGCTACGAC",1e-07,"DNA","PRIMER","AMPL556186951_Fwd"
"CAGACTTCTTACTGAGCTTATGAAACCA",1e-07,"DNA","PRIMER","AMPL663779199_Fwd"
"GGAGTGAGGTCTCTGGCTTT",1e-07,"DNA","PRIMER","AMPL812518150_Fwd"
"CACAGTAACGCCCCTCGT",1e-07,"DNA","PRIMER","AMPL812522983_Fwd"
"CAAGCCCCGTCGATTAGACA",1e-07,"DNA","PRIMER","AMPL811679394_Fwd"
"GTGCGTAGTGGGTGGAGAAA",1e-07,"DNA","PRIMER","AMPL1380948435_Fwd"
"GCAGGTCAGAGAAAAAGGGTTGA",1e-07,"DNA","PRIMER","AMPL1380948436_Fwd"
"GCCAGCGTTGTCTCCAAACT",1e-07,"DNA","PRIMER","AMPL493118173_Fwd"
"GACCACTTTAATGGTGTTTACCTACCTA",1e-07,"DNA","PRIMER","AMPL612960426_Fwd"
"TTTCCATATGCCAGAAAAGTTGAATAGT",1e-07,"DNA","PRIMER","AMPL1316862546_Fwd"
"ACCAATTTTGAGGAAAGGATACAGACA",1e-07,"DNA","PRIMER","AMPL655136916_Fwd"
"GCAGAGCATTGAATTCTGCCAAATA",1e-07,"DNA","PRIMER","AMPL478031510_Fwd"
"GGTCCCACTTTTTATTCTTTTGCAGAG",1e-07,"DNA","PRIMER","AMPL468281303_Fwd"
"TCTTCAGTGGATTAAGCGTGAATATGTT",1e-07,"DNA","PRIMER","AMPL612959905_Fwd"
"AAGTCTTGTGTTGAAATTCTCAGGGT",1e-07,"DNA","PRIMER","AMPL469286737_Fwd"
"GCTTCCTATGACCCGGATAACAA",1e-07,"DNA","PRIMER","AMPL469324749_Fwd"
"ACCTGAGAAGATAGTAAGCTAGATGAAT",1e-07,"DNA","PRIMER","AMPL844200061_Fwd"
"GCTGTCAAGCCGTGTTCTAGATAAAATA",1e-07,"DNA","PRIMER","AMPL468748906_Fwd"
"TGATTACCTAGATTTTAGTGTGCTCAGA",1e-07,"DNA","PRIMER","AMPL467504527_Fwd"
"CTTTGCAAGTGGCACTCCTC",1e-07,"DNA","PRIMER","AMPL467561353_Fwd"
"GCCCATCTGTTGAATAAAAGAAATATGACTT",1e-07,"DNA","PRIMER","AMPL468865894_Fwd"
"CAGTGAAAGACTTGTGATTACCTCAGAAA",1e-07,"DNA","PRIMER","AMPL468874944_Fwd"
"TTTATAGAACAGAACTGAAACTGACTCGG",1e-07,"DNA","PRIMER","AMPL556296474_Fwd"
"TCAGGGTTCTTTGTGGTGTTTTTATCT",1e-07,"DNA","PRIMER","AMPL468172695_Fwd"
"GCAATTTCCCTGGGCTGTACAA",1e-07,"DNA","PRIMER","AMPL468184487_Fwd"
"TGTAGCACAATGAGAGTATAAAGTAGATGTAAT",1e-07,"DNA","PRIMER","AMPL467212996_Fwd"
"ACTTAACGACTACAGAAGTAGTGATGGA",1e-07,"DNA","PRIMER","AMPL467213023_Fwd"
"GGCCATGTGCTTTTCAAACTAATTGT",1e-07,"DNA","PRIMER","AMPL467632467_Fwd"
"GTGATGACAGCCTCTTCTTCAGT",1e-07,"DNA","PRIMER","AMPL467649362_Fwd"
"GGTTGCTGGATCCACTGGAG",1e-07,"DNA","PRIMER","AMPL467656796_Fwd"
"GCTTAGGATGATAATTGGAGGCAAGT",1e-07,"DNA","PRIMER","AMPL469146556_Fwd"
"AGAGGGTAAAATTAAGCACAGTGGAAG",1e-07,"DNA","PRIMER","AMPL712350278_Fwd"
"AGGAAGATGTGCCTTTCAAATTCAGA",1e-07,"DNA","PRIMER","AMPL467692120_Fwd"
"CACTAGATGACCAGGAAATAGAGAGGAA",1e-07,"DNA","PRIMER","AMPL468091028_Fwd"
"ATTTCATGCTATCAGAATTCACAAGGT",1e-07,"DNA","PRIMER","AMPL474961767_Fwd"
"TTTTTATATCTTAAAGCTGTGTCTGTAAACTGA",1e-07,"DNA","PRIMER","AMPL648144397_Fwd"
"AAGGTAGCAGCTATTTTTATGGGACAT",1e-07,"DNA","PRIMER","AMPL468866489_Fwd"
"CCTGTCTCCTGGACAGAAACAAAA",1e-07,"DNA","PRIMER","AMPL468922661_Fwd"
"CCTTTAGAGAGAAGGCTGTCCTT",1e-07,"DNA","PRIMER","AMPL1350926838_Fwd"
"CAGTCTGTCCTGAACCTGATGA",1e-07,"DNA","PRIMER","AMPL1350926839_Fwd"
"ATAAAACCACAATGGTGGCATGA",1e-07,"DNA","PRIMER","AMPL647470059_Fwd"
"TGACTACATGGAACACATACCTTCGATA",1e-07,"DNA","PRIMER","AMPL469147322_Fwd"
"GATGTGGGCATGGGAGGAATA",1e-07,"DNA","PRIMER","AMPL468425396_Fwd"
"TCAGTAAGTAACTTTGGCTGCCAAAT",1e-07,"DNA","PRIMER","AMPL1314131500_Fwd"
"AGCACCAGTTCGTATTATGTGTTTTACA",1e-07,"DNA","PRIMER","AMPL1350926834_Fwd"
"TCTTATTTGGGTTCTGAATGCGTCTAC",1e-07,"DNA","PRIMER","AMPL1325115211_Fwd"
"TGTCATCTTGTATATTATAGGTGGGATTCTTAA",1e-07,"DNA","PRIMER","AMPL1317650819_Fwd"
"GCAATGTGAAAATGTTTACTCACCAACA",1e-07,"DNA","PRIMER","AMPL467096662_Fwd"
"CAAAGAATGGCACCAGTGTGAAA",1e-07,"DNA","PRIMER","AMPL1489275007_Fwd"
"AGGAGTCCAATTTTCACTCATCTTGT",1e-07,"DNA","PRIMER","AMPL1489330457_Fwd"
"CTGGTTCTTGTACCTGTCAACACT",1e-07,"DNA","PRIMER","AMPL1524050819_Fwd"
"AATTTAATGTGATATGTGCCCTAGGAGA",1e-07,"DNA","PRIMER","AMPL1316863746_Fwd"
"TTCATTGAAAAGCCCGACAAATAACC",1e-07,"DNA","PRIMER","AMPL468021362_Fwd"
"CGATCTGTGAGCCGAGTCTTTA",1e-07,"DNA","PRIMER","AMPL468048766_Fwd"
"AATGGCCAACTCTCGAAAGTTATGATTA",1e-07,"DNA","PRIMER","AMPL1350926836_Fwd"
"CAGTTGACTTGTCATCTTGATTTCTGG",1e-07,"DNA","PRIMER","AMPL612960517_Fwd"
"TGGCATGGTACCTATATGTCACAGA",1e-07,"DNA","PRIMER","AMPL469322657_Fwd"
"GAAATCCAGATCGATGGTGTGTCT",1e-07,"DNA","PRIMER","AMPL469390256_Fwd"
"TTGATGGTAAGTACATGGGTGTTTCTT",1e-07,"DNA","PRIMER","AMPL469294494_Fwd"
"AAACTTGGATCCCTATGAACAGTGG",1e-07,"DNA","PRIMER","AMPL476533235_Fwd"
"TTGAGCTGTCAAGGTTGTAAATAGACTT",1e-07,"DNA","PRIMER","AMPL1350926835_Fwd"
"GGTTGGGCTCAGATCTGTGAT",1e-07,"DNA","PRIMER","AMPL469937071_Fwd"
"GATCATTACTGTTCTGTGATATTATGTGTGGT",1e-07,"DNA","PRIMER","AMPL647810578_Fwd"
"CTCTGTGAACACAGGATAGAAGCA",1e-07,"DNA","PRIMER","AMPL468703966_Fwd"
"GCCTTCTGTCCCAGATCTCACT",1e-07,"DNA","PRIMER","AMPL469688358_Fwd"
"CAAGCAAGTGCAAGTCTAAGCC",1e-07,"DNA","PRIMER","AMPL469846525_Fwd"
"GAGAGCAGCATAAATGTTGACATGG",1e-07,"DNA","PRIMER","AMPL497497076_Fwd"
"GGACACTGATATGGGTCTTGATAAATGG",1e-07,"DNA","PRIMER","AMPL497774927_Fwd"
"AGCCTAGTTGATCAGCTTATTGTCTAGT",1e-07,"DNA","PRIMER","AMPL492210713_Fwd"
"CTCCCCATGATGTTTAGAAACACAACTA",1e-07,"DNA","PRIMER","AMPL492300506_Fwd"
"TCAGGAAAGAGAACTTCCAGATCCT",1e-07,"DNA","PRIMER","AMPL1489306062_Fwd"
"TGATATGCCTTTTCCCAACTCCAG",1e-07,"DNA","PRIMER","AMPL1486226181_Fwd"
"ACACACATGAAGTCCAAGCATTTAGAT",1e-07,"DNA","PRIMER","AMPL1486309394_Fwd"
"GAATGAGAGACACACTGAAGAAGCA",1e-07,"DNA","PRIMER","AMPL497229850_Fwd"
"TATTGACTTTTTATGGCACTAGTATTTCTATGA",1e-07,"DNA","PRIMER","AMPL1486260392_Fwd"
"CACCTTTTGGTCTGGAGGGAAG",1e-07,"DNA","PRIMER","AMPL1380948433_Fwd"
"CCACCAGTCTGACTGTTTCCA",1e-07,"DNA","PRIMER","AMPL1380948434_Fwd"
