"Sequence","Concentration","StrandType","Function","Name"
"GCAATGTGAAAATGTTTACTCACCAACA",1e-07,"DNA","PRIMER","AMPL467096662_Fwd"
"TGTAGCACAATGAGAGTATAAAGTAGATGTAAT",1e-07,"DNA","PRIMER","AMPL467212996_Fwd"
"CTTTGCAAGTGGCACTCCTC",1e-07,"DNA","PRIMER","AMPL467561353_Fwd"
"GGCCATGTGCTTTTCAAACTAATTGT",1e-07,"DNA","PRIMER","AMPL467632467_Fwd"
"GGTTGCTGGATCCACTGGAG",1e-07,"DNA","PRIMER","AMPL467656796_Fwd"
"CGATCTGTGAGCCGAGTCTTTA",1e-07,"DNA","PRIMER","AMPL468048766_Fwd"
"CACTAGATGACCAGGAAATAGAGAGGAA",1e-07,"DNA","PRIMER","AMPL468091028_Fwd"
"TCAGGGTTCTTTGTGGTGTTTTTATCT",1e-07,"DNA","PRIMER","AMPL468172695_Fwd"
"CTCTGTGAACACAGGATAGAAGCA",1e-07,"DNA","PRIMER","AMPL468703966_Fwd"
"GCTGTCAAGCCGTGTTCTAGATAAAATA",1e-07,"DNA","PRIMER","AMPL468748906_Fwd"
"CAGTGAAAGACTTGTGATTACCTCAGAAA",1e-07,"DNA","PRIMER","AMPL468874944_Fwd"
"CCTGTCTCCTGGACAGAAACAAAA",1e-07,"DNA","PRIMER","AMPL468922661_Fwd"
"TGACTACATGGAACACATACCTTCGATA",1e-07,"DNA","PRIMER","AMPL469147322_Fwd"
"GCTTCCTATGACCCGGATAACAA",1e-07,"DNA","PRIMER","AMPL469324749_Fwd"
"GAAATCCAGATCGATGGTGTGTCT",1e-07,"DNA","PRIMER","AMPL469390256_Fwd"
"CAAGCAAGTGCAAGTCTAAGCC",1e-07,"DNA","PRIMER","AMPL469846525_Fwd"
"GGTTGGGCTCAGATCTGTGAT",1e-07,"DNA","PRIMER","AMPL469937071_Fwd"
"AAACTTGGATCCCTATGAACAGTGG",1e-07,"DNA","PRIMER","AMPL476533235_Fwd"
"GCAGAGCATTGAATTCTGCCAAATA",1e-07,"DNA","PRIMER","AMPL478031510_Fwd"
"CTCCCCATGATGTTTAGAAACACAACTA",1e-07,"DNA","PRIMER","AMPL492300506_Fwd"
"GCCAGCGTTGTCTCCAAACT",1e-07,"DNA","PRIMER","AMPL493118173_Fwd"
"GAATGAGAGACACACTGAAGAAGCA",1e-07,"DNA","PRIMER","AMPL497229850_Fwd"
"GGACACTGATATGGGTCTTGATAAATGG",1e-07,"DNA","PRIMER","AMPL497774927_Fwd"
"CTGGTAACTATGGATTTCCCCTCTTAC",1e-07,"DNA","PRIMER","AMPL556199792_Fwd"
"TGGTCAGGAGGGAGTTGACTT",1e-07,"DNA","PRIMER","AMPL556343103_Fwd"
"CCCTGGGCTCAACTCATTTGA",1e-07,"DNA","PRIMER","AMPL556370172_Fwd"
"CTAGGCACTGGATGGAGGTTG",1e-07,"DNA","PRIMER","AMPL556385351_Fwd"
"GGGAAAGACAGTCTTCGATTACTGAG",1e-07,"DNA","PRIMER","AMPL556424352_Fwd"
"CGCCTGGAGCTCTTCGT",1e-07,"DNA","PRIMER","AMPL569736509_Fwd"
"GGTCCTGGCCAGCCTCTA",1e-07,"DNA","PRIMER","AMPL569738926_Fwd"
"TGGAGGGACATGATGGACTACAT",1e-07,"DNA","PRIMER","AMPL569743668_Fwd"
"GGTGGGAAGGCACCTGA",1e-07,"DNA","PRIMER","AMPL569771076_Fwd"
"CCTCCACCTCCTGCCTCTT",1e-07,"DNA","PRIMER","AMPL569777773_Fwd"
"GGTCCTGGCCAGCCTCTA",1e-07,"DNA","PRIMER","AMPL569793612_Fwd"
"AGCCCGCTCCTTTCACC",1e-07,"DNA","PRIMER","AMPL569807803_Fwd"
"TCCACCTCCCGCCTCTT",1e-07,"DNA","PRIMER","AMPL569876406_Fwd"
"CTCTCCTCACCTGCAGCATC",1e-07,"DNA","PRIMER","AMPL570334446_Fwd"
"CGCCTGGAGCTCTTCGT",1e-07,"DNA","PRIMER","AMPL570348570_Fwd"
"CCTGAACTGAAAGTACTCCCTCCTT",1e-07,"DNA","PRIMER","AMPL570395247_Fwd"
"GAGGACCTGGAGCCTAGACA",1e-07,"DNA","PRIMER","AMPL570562416_Fwd"
"CTGTCGTTGGTCTCTGCTCT",1e-07,"DNA","PRIMER","AMPL570683433_Fwd"
"GGTGGGCAGCAGCTCAG",1e-07,"DNA","PRIMER","AMPL570891051_Fwd"
"GGTGGGCAGCAGCTCAG",1e-07,"DNA","PRIMER","AMPL570985432_Fwd"
"TCTTCAGTGGATTAAGCGTGAATATGTT",1e-07,"DNA","PRIMER","AMPL612959905_Fwd"
"CAGTTGACTTGTCATCTTGATTTCTGG",1e-07,"DNA","PRIMER","AMPL612960517_Fwd"
"CTTTTCTTCTGCTTCCCTTGCC",1e-07,"DNA","PRIMER","AMPL623736840_Fwd"
"GGTAGGTGAATCCCCAGTACGA",1e-07,"DNA","PRIMER","AMPL623749092_Fwd"
"TTTGCCCCTTGACAGGTATGG",1e-07,"DNA","PRIMER","AMPL623762017_Fwd"
"CCACTGTCCGGAAATTCATGGT",1e-07,"DNA","PRIMER","AMPL623764571_Fwd"
"ACTTCCTGAGGTTCATTACCACCT",1e-07,"DNA","PRIMER","AMPL623770850_Fwd"
"TTTTTATATCTTAAAGCTGTGTCTGTAAACTGA",1e-07,"DNA","PRIMER","AMPL648144397_Fwd"
"TGGTTTTCTGTACCCACCACTTTTAA",1e-07,"DNA","PRIMER","AMPL658783041_Fwd"
"TCAACTGGATGAGGGCAAGG",1e-07,"DNA","PRIMER","AMPL658804790_Fwd"
"GCACCAATGTCATGCCTCAAG",1e-07,"DNA","PRIMER","AMPL659619504_Fwd"
"GCATCCAGTTCCGCTCCATAG",1e-07,"DNA","PRIMER","AMPL661570029_Fwd"
"CAGAGCTAGTGGCTCACCTT",1e-07,"DNA","PRIMER","AMPL663100272_Fwd"
"CAGACTTCTTACTGAGCTTATGAAACCA",1e-07,"DNA","PRIMER","AMPL663779199_Fwd"
"AGAGGGTAAAATTAAGCACAGTGGAAG",1e-07,"DNA","PRIMER","AMPL712350278_Fwd"
"CAGGTCCCTGGAAGCTCTT",1e-07,"DNA","PRIMER","AMPL712394111_Fwd"
"CCCAGGGTTCACAGCTGTTC",1e-07,"DNA","PRIMER","AMPL712468205_Fwd"
"GAAGGTTGGAACGCTCATCC",1e-07,"DNA","PRIMER","AMPL807051270_Fwd"
"CCCCAGCTTCTGAAGACAGT",1e-07,"DNA","PRIMER","AMPL807062547_Fwd"
"GCTAATGTATTTCTAAGGCAGTGAGAGG",1e-07,"DNA","PRIMER","AMPL811140534_Fwd"
"TGACCCCAAAAGATTTACCATTATGCT",1e-07,"DNA","PRIMER","AMPL811145968_Fwd"
"GGGATTAGGTGCAGAGTTTTATTACC",1e-07,"DNA","PRIMER","AMPL811148683_Fwd"
"GGCCATAGAGAAGAGGGATCACAT",1e-07,"DNA","PRIMER","AMPL811598314_Fwd"
"TGCTTTCATACTTGCCTCCACAT",1e-07,"DNA","PRIMER","AMPL812248025_Fwd"
"CACAGTAACGCCCCTCGT",1e-07,"DNA","PRIMER","AMPL812522983_Fwd"
"AGACCTGAGCCACTTACCTGTA",1e-07,"DNA","PRIMER","AMPL868057489_Fwd"
"GGTGGTGCTGAACTCCAAGA",1e-07,"DNA","PRIMER","AMPL868122714_Fwd"
"GGTGGGCACCCTCACTCA",1e-07,"DNA","PRIMER","AMPL868334943_Fwd"
"GCAGCTGACCCAGGAGTT",1e-07,"DNA","PRIMER","AMPL868433204_Fwd"
"TCAGTAAGTAACTTTGGCTGCCAAAT",1e-07,"DNA","PRIMER","AMPL1314131500_Fwd"
"TTTCCATATGCCAGAAAAGTTGAATAGT",1e-07,"DNA","PRIMER","AMPL1316862546_Fwd"
"AATTTAATGTGATATGTGCCCTAGGAGA",1e-07,"DNA","PRIMER","AMPL1316863746_Fwd"
"TCTTATTTGGGTTCTGAATGCGTCTAC",1e-07,"DNA","PRIMER","AMPL1325115211_Fwd"
"CAGTCTGTCCTGAACCTGATGA",1e-07,"DNA","PRIMER","AMPL1350926839_Fwd"
"ACTGCAACCTCAAAGGAGCAA",1e-07,"DNA","PRIMER","AMPL1371818357_Fwd"
"CCCTGATAGTTTCCCATAACAACCT",1e-07,"DNA","PRIMER","AMPL1371818429_Fwd"
"GGACAAGCAAAAGGCTCCTTC",1e-07,"DNA","PRIMER","AMPL1371819731_Fwd"
"CACCTTTTGGTCTGGAGGGAAG",1e-07,"DNA","PRIMER","AMPL1380948433_Fwd"
"GTGCGTAGTGGGTGGAGAAA",1e-07,"DNA","PRIMER","AMPL1380948435_Fwd"
"CACAGTTGATGTGGAACCAGAAAG",1e-07,"DNA","PRIMER","AMPL1425597489_Fwd"
"TGATATGCCTTTTCCCAACTCCAG",1e-07,"DNA","PRIMER","AMPL1486226181_Fwd"
"AGGAGTCCAATTTTCACTCATCTTGT",1e-07,"DNA","PRIMER","AMPL1489330457_Fwd"
"AACTTCATAGGTTACGATTTATATTAAGCCCAA",1e-07,"DNA","PRIMER","AMPL1497161003_Fwd"
"ACTTAACGACTACAGAAGTAGTGATGGA",1e-07,"DNA","PRIMER","AMPL467213023_Fwd"
"TGATTACCTAGATTTTAGTGTGCTCAGA",1e-07,"DNA","PRIMER","AMPL467504527_Fwd"
"GTGATGACAGCCTCTTCTTCAGT",1e-07,"DNA","PRIMER","AMPL467649362_Fwd"
"AGGAAGATGTGCCTTTCAAATTCAGA",1e-07,"DNA","PRIMER","AMPL467692120_Fwd"
"TTCATTGAAAAGCCCGACAAATAACC",1e-07,"DNA","PRIMER","AMPL468021362_Fwd"
"GCAATTTCCCTGGGCTGTACAA",1e-07,"DNA","PRIMER","AMPL468184487_Fwd"
"GGTCCCACTTTTTATTCTTTTGCAGAG",1e-07,"DNA","PRIMER","AMPL468281303_Fwd"
"GATGTGGGCATGGGAGGAATA",1e-07,"DNA","PRIMER","AMPL468425396_Fwd"
"GCCCATCTGTTGAATAAAAGAAATATGACTT",1e-07,"DNA","PRIMER","AMPL468865894_Fwd"
"AAGGTAGCAGCTATTTTTATGGGACAT",1e-07,"DNA","PRIMER","AMPL468866489_Fwd"
"GCTTAGGATGATAATTGGAGGCAAGT",1e-07,"DNA","PRIMER","AMPL469146556_Fwd"
"AAGTCTTGTGTTGAAATTCTCAGGGT",1e-07,"DNA","PRIMER","AMPL469286737_Fwd"
"TTGATGGTAAGTACATGGGTGTTTCTT",1e-07,"DNA","PRIMER","AMPL469294494_Fwd"
"TGGCATGGTACCTATATGTCACAGA",1e-07,"DNA","PRIMER","AMPL469322657_Fwd"
